Date,Time,Category,Subcategory,Severity,Files,Description,Effort,Status,Commit
2026-04-15,18:00,Setup,Sprint 1,High,multiple,Sprint 1: helmet+CSP+rate-limits+toast+skeletons+darkmode (UI foundation),8 hours,Done,950b8fd
2026-04-22,14:30,Security,S2A Phase,High,api/src/lib/{crypto.ts logger.ts audit.ts} api/src/server.ts api/src/routes/{amazon-oauth.ts campaigns.ts} scheduler/crypto_util.py database/migrations/003_s2a_security.sql,Phase S2A: token encryption AES-256-GCM + audit log table + log scrubbing + error sanitization,5 hours,Done,021ea26
2026-04-22,16:00,Audit,Code Review,Info,frontend+backend audit reports,Frontend audit identified 15 issues (4 critical 6 UX 5 polish); Backend audit identified 15 issues (4 critical 7 gap 4 improvement),3 hours,Done,(no commit)
2026-04-22,17:00,Frontend,Bug Fix,Critical,frontend/src/lib/formatters.ts frontend/src/pages/{Overview Campaigns SearchTerms Products Opportunities}Page.tsx,C2: ACoS displays '—' instead of '0%' when sales=0 or cost=0. New shared formatter util used across 5 pages,1 hour,Done,(pending commit)
2026-04-22,17:15,Frontend,Bug Fix,Critical,frontend/src/pages/CampaignsPage.tsx,C7: Budget edit closes immediately on save (state set before re-render),15 min,Done,(pending commit)
2026-04-22,17:25,Frontend,Bug Fix,Critical,frontend/src/pages/{Overview SearchTerms}Page.tsx,C8 (partial): Toast error on API load failures (Overview + SearchTerms),20 min,Done,(pending commit)
2026-04-22,17:45,Setup,Agent Dev Kit,High,CLAUDE.md .claude/{settings.json skills/* agents/* hooks/* plugins/manifest.json},Build Agent Development Kit v1: Layer 1 CLAUDE.md memory + Layer 2 Skills (amazon-ads stripe-billing aws-migration) + Layer 3 Hooks (pre/post tool use) + Layer 4 Subagents (code-reviewer security-auditor) + Layer 5 plugin manifest,2 hours,Done,780e9e6
2026-04-22,18:30,Setup,Agent Dev Kit v2,High,.claude/hooks/{session-start stop subagent-stop}.sh .claude/agents/{test-runner feature-dev}.md .claude/commands/{security-check changelog-today deploy-check}.md .claude/skills/*/scripts/* .claude/{settings.json plugins/manifest.json},Complete ADK to match leadgenman 5-layer spec: SessionStart/Stop/SubagentStop hooks + test-runner + feature-dev agents + slash commands + skill scripts,1 hour,Done,1505e97
2026-04-22,19:30,Setup,Agent Team Pattern,High,.claude/agents/{orchestrator setup-agent api-agent frontend-agent}.md CLAUDE.local.md .gitignore .claude/plugins/manifest.json,Add Agent Team pattern: orchestrator + 3 parallel specialized agents (setup api frontend) for multi-layer feature dev. Each agent has own context window. CLAUDE.local.md for gitignored personal notes,1 hour,Done,5fa2218
2026-04-22,20:30,Setup,Agent Dev Kit v3,High,.claude/agents/{scheduler-agent migration-runner data-validator ml-agent release-manager}.md .claude/commands/{standup eod test sprint-start}.md .claude/skills/{postgres-rls openai-integration testing-patterns}/SKILL.md .claude/plugins/manifest.json,Complete Agent Dev Kit v3: 5 new agents (scheduler ml-agent migration-runner data-validator release-manager) + 4 daily slash commands (standup eod test sprint-start) + 3 deep skills (postgres-rls openai-integration testing-patterns). Manifest updated to v0.4.0,2 hours,Done,fcd0ba2
2026-04-22,21:30,Setup,Automation Safety,High,.claude/agents/automation-safety-officer.md .claude/skills/{automation-safety amazon-ads-actions}/SKILL.md,Add automation safety layer: officer agent that reviews every Amazon Ads write action (bid changes pauses negatives) before execution. Includes magnitude tolerance daily quotas sanity checks reversibility patterns. Critical for AI automation features without losing customer money,30 min,Done,(pending commit)
2026-04-22,21:45,Frontend,Bug Fix,Critical,frontend/src/pages/{Products Negatives Opportunities}Page.tsx,C8 remainder: error toasts on Products + Negatives + Opportunities pages,15 min,Done,(pending commit)
2026-04-22,21:50,Backend,Bug Fix,Critical,api/src/routes/overview.ts,C3: sanitize error responses on /api/overview - removed err.message leak to client,5 min,Done,(pending commit)
2026-04-22,21:55,Database,Migration,Critical,database/migrations/004_audit_logs_rls_fix.sql,C4: explicit INSERT policy for audit_logs (was implicitly denied) + comment table as append-only,15 min,Done,(pending commit)
2026-04-22,22:10,Frontend,Bug Fix,Critical,frontend/src/lib/api.ts,C1: 401 interceptor now attempts session refresh BEFORE logout. Old behavior kicked users to /login on every token expiry (every hour). New: refresh + retry once, only logout if refresh also fails,30 min,Done,(pending commit)
2026-04-22,22:25,Backend,Middleware,Important,api/src/middleware/require-amazon-connection.ts,C6: new middleware to require Amazon connection on data routes (returns 412 with action=connect_amazon). Available but not auto-applied yet — used selectively when SP-API approved,20 min,Done,(pending commit)
2026-04-22,22:45,Scheduler,Bug Fix,Critical,scheduler/token_manager.py,C5: fix token refresh race condition with pg_advisory_lock keyed by (workspace_id+profile_id). Concurrent fetchers no longer double-refresh tokens or stomp on each other,45 min,Done,1fa7c48
2026-04-23,11:00,Frontend,UI Polish,High,frontend/tailwind.config.js frontend/src/index.css,Premium theme tokens (Tradezella aesthetic): expanded colors (accent palette + brand-950) + premium gradients (mesh card brand success warning danger) + premium shadows (soft premium glow) + KPI typography + 3 new keyframes (shimmer pulse-subtle float) + glassmorphic utilities + dot pattern bg + custom scrollbar,1 hour,Done,(pending commit)
2026-04-23,11:30,Frontend,New Component,High,frontend/src/components/ui/{PremiumCard PremiumKPI PageHeader}.tsx,Premium components: PremiumCard (4 variants default/glass/premium/gradient + hover + glow) + KPITile (hero number + delta with trend icon + optional sparkline + loading state) + PageHeader (gradient title + badge + actions),45 min,Done,(pending commit)
2026-04-23,12:15,Frontend,UI Polish,High,frontend/src/pages/OverviewPage.tsx,Overview redesign: PageHeader with Live badge + KPITile components for 6 KPIs with trend indicators + PremiumCard for alerts with warning glow,30 min,Done,(pending commit)
2026-04-23,12:45,Frontend,UI Polish,High,frontend/src/layouts/DashboardLayout.tsx,Premium sidebar redesign: glassmorphic (backdrop-blur + 85% opacity) + gradient mesh ambient bg + glowing brand mark + animated nav items (left bar accent on active + scale on hover) + premium trial badge + redesigned bottom user panel + premium connect-Amazon banner,45 min,Done,(pending commit)
